,dates,comments
0,20 MayÄ±s,"ÃœrÃ¼nÃ¼n ucu tÄ±rtÄ±klÄ±,Ã§ok gÃ¼zel kesiyor ama sap kÄ±smÄ± parlak deÄŸil satÄ±ÅŸ fotoÄŸrafÄ±nda parlak gÃ¶rÃ¼nÃ¼yor mat sadece ,Ã¼stÃ¼nde marka amblemi ve Ã¼retildiÄŸi yer basÄ±lÄ± ben memnun kalarak kullanÄ±yorum"
1,30 Haziran,BÄ±Ã§aklar harika ilk defa bukadar gÃ¼zeline rastladÄ±m kalitesi muhteÅŸem ben ne olur ne olmaz diye makinaya atmÄ±yorum. HerÅŸeyi Ã§ok iyi kesiyor patatesi keserken sanki tereyaÄŸÄ± keser gibi hiÃ§ zorlanmÄ±yorsunuz bazÄ±larÄ± et keserkende kullanÄ±labilir demiÅŸler denedim ama tÄ±rtÄ±klÄ± olduÄŸu iÃ§in takÄ±lÄ±yordu kesermiydi evet keserdi ama bÄ±Ã§ak acayip keskin arkadaÅŸlar Ã§ok dikkatli olun o yÃ¼zden fazla zorlamadÄ±m ben . SatÄ±cÄ±yada Ã§ok teÅŸekkÃ¼rler sorunsuz ulaÅŸtÄ±rdÄ±ÄŸÄ± iÃ§in.
2,10 Haziran,MÃ¼kemmell
3,11 Ekim,Ä°ÅŸte tam aradÄ±ÄŸÄ±m orijinal bÄ±Ã§aklar.alirken tereddÃ¼t etmiÅŸtim daha Ã¶nce baÅŸka bi yerden aldÄ±ÄŸÄ±m orijinal Ã§Ä±kmayÄ±nca..ama bu kesinlikle orijinal Ã§Ä±ktÄ±.gonul rahatlÄ±ÄŸÄ±yla alabilirsiniz ben bÄ± ÅŸey daha alacaÄŸÄ±m.. teÅŸekkÃ¼rler
4,01 AÄŸustos,Bu markanÄ±n bÄ±Ã§aklarÄ±nÄ± her tÃ¼rlÃ¼ Ã¼rÃ¼nÃ¼ doÄŸramada kullanÄ±yorum. Keskinlikleri Ã§ok iyi ve uzun sÃ¼rede kÃ¶relmiyorlar. YumuÅŸak meyve ve sebzeleri ezmeden Ã§ok rahat doÄŸrayabiliyorum
5,14 KasÄ±m,fiyatÄ±na gÃ¶re kaliteli bir Ã¼rÃ¼n aynÄ± markayÄ± almanyadan almÄ±ÅŸtÄ±m kaliteleri aynÄ± gibi
6,30 MayÄ±s,ÃœrÃ¼nÃ¼ Ã§eyiz iÃ§in aldÄ±m Ã§ok gÃ¼zel orjinalini hakkÄ±nda bilgim yok ama kaliteli gÃ¶rÃ¼nÃ¼yor bu fiyata kaÃ§Ä±rmayÄ±n derim satÄ±cÄ± gÃ¼zel paketlemiÅŸti teÅŸekkÃ¼r ederim.
7,11 Ekim,oldukÃ§a keskin
8,14 Ekim,ParmaÄŸÄ±mÄ± kestim o derce keskin yaniğŸ˜Š
9,01 KasÄ±m,GÃ¼zel beÄŸendik
10,04 Haziran,Ã‡ok beÄŸendim ceyizim iÃ§in aldÄ±m solingen zaten bÄ± de indirimli oh miss
11,21 MayÄ±s,Sade meyve bÄ±Ã§aÄŸÄ± olarak deÄŸil her ÅŸey iÃ§in kullanÄ±lÄ±r kÃ¼Ã§Ã¼k kibar keskin
12,18 MayÄ±s,Ã‡eyiz iÃ§in aldÄ±k. GÃ¼zel keskin
13,21 MayÄ±s,Daha Ã¶ncede kullandÄ±ÄŸÄ±m bir marka harika orjinal Ã¼rÃ¼n teÅŸekkÃ¼rler
14,19 MayÄ±s,Jilet gibi Ã§ok gÃ¼zel
15,04 Haziran,KardeÅŸimin ceyizine aldÄ±m Ã§ok beÄŸendi ğŸ‘ğŸ»
16,01 Haziran,tek kelÄ±me ile muhtesem her eve lazÄ±m bence
17,08 Haziran,HiÃ§ aÃ§madÄ±m ama gÃ¶rÃ¼nÃ¼ÅŸÃ¼ gayet gÃ¼zeldi
18,27 MayÄ±s,Harikaaaa bir ÅŸey bunlar
19,24 MayÄ±s,MÃ¼kemmele keskinlik
20,22 Nisan,BeÄŸendim tavsiye ederim
21,09 Haziran,SÃ¼per amacÄ±na Uygun kullanÄ±m herkese tavsiyem
22,14 Haziran,orijinalliÄŸi konusunda emin deÄŸilim. Kesiyor mu? kesiyor evet.
23,10 EylÃ¼l,SÃ¼per
24,19 Ekim,BÄ±Ã§aklar iyi gibiydi fakat kulp kÄ±smÄ±nda deformasyon vardÄ± daha Ã¶ncede Ã§ok aldÄ±m ama ilk kez bÃ¶le sÄ±kÄ±ntÄ±lÄ± geldi
25,16 MayÄ±s,MÃ¼thiÅŸ
26,23 MayÄ±s,GÃ¼zel kullanÄ±ÅŸlÄ±
27,22 Temmuz,ÃœrÃ¼nÃ¼ EVBANK kullanÄ±cÄ±sÄ±ndan aldÄ±m farklÄ± bir model gÃ¶nderdi. Ä°ade ile uÄŸraÅŸmak istemedim ama hoÅŸuma gitmedi modeli.
28,12 MayÄ±s,TÄ±rtÄ±klÄ± yazmadÄ±ÄŸÄ± iÃ§in dÃ¼z zannedip aldÄ±m o yÃ¼zden bir yÄ±ldÄ±z kirdim
29,13 Haziran,Genel gÃ¶rÃ¼nÃ¼mÃ¼ gÃ¼zel keskinliÄŸi iyi ama marka bÃ¶lÃ¼mÃ¼ Ã§ok yukarÄ±ya yakÄ±n gibi biraz orantÄ±sÄ±z yazÄ±lmÄ±ÅŸ olunca orijinal mi diye bir tereddÃ¼t hissi veriyor.
30,09 Haziran,Bu markada bÄ±Ã§ak yurt dÄ±ÅŸÄ±ndan bir tane bana arkadaÅŸÄ±m getirmiÅŸti. Ben de takÄ±mÄ± tamamlamak iÃ§in almÄ±ÅŸtÄ±m ama bÄ±Ã§aklar onun gibi deÄŸil o Ã§ok daha keskin orijinal olup olmadÄ±ÄŸÄ±na emin olamadÄ±m o yÃ¼zden
31,15 KasÄ±m 2021,ÃœrÃ¼n kaliteli gerÃ§ek alman markasÄ±
32,20 MayÄ±s,SaplarÄ±nÄ±n plastigi Ã§ok kÃ¶tÃ¼
33,19 MayÄ±s,SaplarÄ± Ã§ok uyduruk fotolardaki gibi canlÄ± deÄŸil rengi hafif
34,24 MayÄ±s,ÃœrÃ¼n sahte
35,27 EylÃ¼l 2021,Paketsiz ve Ã¶zensiz gÃ¶nderim dÄ±ÅŸÄ±nda gÃ¼zel bir Ã¼rÃ¼n .
